Build Num,slow_ratio,repository_id
8553,0.991,23
2234,0.026,24
3625,0.897,26
7126,0.704,29
12116,0.886,44
2950,0.045,49
397,0.048,60
4556,0.922,63
451,0.734,68
1347,0.000,74
901,0.665,81
663,0.747,83
2315,0.473,85
350,0.000,86
451,0.013,91
1534,0.008,107
1620,0.051,117
345,0.986,118
310,0.035,120
796,0.122,123
307,0.114,136
8842,0.213,162
1798,0.014,164
2973,0.805,166
8895,0.932,175
1622,0.100,177
485,0.948,194
1355,0.415,206
312,0.942,207
707,0.027,209
653,0.002,214
1642,0.549,219
561,0.007,224
380,0.824,228
344,0.012,238
526,0.010,247
9500,0.887,280
2668,0.039,288
382,0.047,304
1093,0.087,324
3504,0.103,329
1577,0.703,340
783,0.549,349
2052,0.010,369
6305,0.442,377
692,0.003,382
400,0.777,388
856,0.283,395
1158,0.339,397
3549,0.768,402
373,0.051,405
1151,0.044,460
1714,0.344,462
550,0.631,464
1501,0.005,467
1826,0.550,468
4078,0.470,471
878,0.580,480
557,0.074,488
471,0.042,499
472,0.968,509
499,0.022,513
356,0.169,516
614,0.148,541
654,0.347,566
653,0.025,568
7517,0.923,596
1458,0.071,604
385,0.335,625
473,0.032,633
1710,0.753,663
447,0.322,666
5836,0.964,669
586,0.009,695
3460,0.008,696
465,0.935,709
549,0.823,756
546,0.392,771
368,0.152,783
767,0.335,787
6046,0.656,811
1552,0.864,816
1849,0.042,841
447,0.888,852
498,0.398,873
1472,0.008,891
604,0.937,939
2523,0.952,1008
316,0.016,1025
516,0.033,1032
389,0.887,1047
1250,0.880,1055
665,0.009,1096
4785,0.591,1102
317,0.041,1111
824,0.023,1132
7243,0.517,1178
741,0.742,1181
1312,0.017,1188
967,0.174,1194
629,0.901,1215
352,0.000,1228
706,0.207,1249
960,0.978,1264
345,0.284,1266
362,0.884,1297
4292,0.630,1301
5496,0.488,1335
923,0.003,1372
2823,0.012,1382
915,0.878,1394
3019,0.358,1423
459,0.017,1517
420,0.243,1534
473,0.338,1537
818,0.840,1541
1105,0.273,1573
426,0.148,1576
393,0.008,1577
549,0.719,1619
779,0.837,1620
435,0.000,1763
410,0.049,1815
2292,0.917,1829
917,0.001,1875
1413,0.106,1876
1005,0.020,1933
641,0.011,1937
317,0.000,1978
430,0.009,2020
371,0.003,2025
598,0.614,2061
2654,0.538,2073
362,0.276,2133
403,0.007,2157
764,0.175,2179
318,0.119,2263
582,0.098,2281
527,0.634,2319
522,0.891,2476
457,0.007,2545
456,0.081,2635
399,0.604,2645
19627,0.955,2657
788,0.009,2677
3723,0.665,2786
1203,0.027,2932
328,0.979,2974
2669,0.752,2997
364,0.011,3022
3947,0.713,3127
418,0.132,3188
311,0.904,3342
2137,0.950,3451
321,0.003,3476
354,0.006,3481
304,0.056,3487
535,0.564,3517
355,0.000,3594
309,0.010,3626
968,0.221,3648
904,0.300,3668
586,0.399,3702
3202,0.840,3732
356,0.003,3771
439,0.023,3825
485,0.072,3947
2095,0.747,4005
3726,0.012,4021
311,0.952,4024
1947,0.004,4214
868,0.705,4247
321,0.240,4355
493,0.004,4374
455,0.000,4377
2186,0.081,4423
3062,0.875,4430
548,0.071,4479
308,0.010,4566
797,0.797,4728
5928,0.741,4755
1098,0.010,4759
853,0.002,4867
2744,0.004,4918
592,0.003,5043
384,0.708,5063
426,0.005,5071
5704,0.002,5082
454,0.004,5195
467,0.069,5221
324,0.883,5362
1022,0.007,5872
924,0.313,6061
3805,0.276,6288
2760,0.781,6429
473,0.002,6465
1560,0.326,6477
374,0.575,6652
410,0.000,6718
1961,0.921,6763
375,0.299,6769
11363,0.911,6803
1184,0.001,6948
889,0.213,6971
7039,0.370,7072
3713,0.318,7075
1359,0.936,7103
3184,0.287,7324
301,0.000,7329
1340,0.057,7528
663,0.760,7707
859,0.283,7875
7666,0.491,8176
1221,0.544,8197
489,0.466,8448
1927,0.100,8682
769,0.062,8690
356,0.006,8693
1938,0.829,8964
1669,0.012,9039
790,0.003,9050
1778,0.441,9420
686,0.001,9479
1652,0.290,9514
322,0.283,9526
2468,0.872,9531
311,0.051,9598
463,0.343,9728
485,0.000,10000
633,0.003,10026
475,0.017,10168
980,0.782,10183
486,0.074,11159
449,0.000,11505
479,0.271,11508
311,0.003,12137
595,0.003,12672
443,0.930,13042
1184,0.060,13158
314,0.968,13506
1948,0.185,13656
407,0.209,13723
1048,0.034,13888
599,0.416,14023
2960,0.405,14213
1800,0.234,14325
747,0.131,14470
936,0.125,14711
525,0.611,14715
321,0.003,14833
2321,0.720,15069
3390,0.480,15127
8868,0.097,15361
2023,0.030,16633
1289,0.041,17075
1791,0.734,17736
305,0.810,18429
13945,0.662,19249
316,0.228,19294
430,0.588,19808
2132,0.944,19995
303,0.007,20337
1221,0.399,20348
1585,0.867,20870
398,0.003,21727
311,0.289,22002
1686,0.645,22258
4215,0.341,23786
1070,0.239,24018
851,0.006,24310
636,0.107,24321
391,0.036,24446
475,0.444,24457
919,0.680,24532
1192,0.083,24612
332,0.000,24899
572,0.339,24934
329,0.316,25247
742,0.313,25379
514,0.000,26728
625,0.080,27058
1347,0.098,27400
5423,0.188,27417
1230,0.017,27690
1306,0.665,28082
469,0.002,28274
1039,0.099,28735
4824,0.799,28823
958,0.000,28934
352,0.616,30769
1391,0.093,31341
546,0.223,33763
1380,0.004,33869
1377,0.376,33900
850,0.182,33958
582,0.050,34047
1544,0.003,34104
1599,0.476,34224
5253,0.815,34369
882,0.296,34631
1796,0.860,34635
566,0.009,34887
357,0.838,35012
3696,0.818,35200
356,0.017,35645
444,0.005,35896
382,0.000,36225
425,0.699,36294
7518,0.090,36448
412,0.177,36509
357,0.014,37864
877,0.040,38116
1429,0.140,38586
1038,0.925,40218
1189,0.130,40761
2567,0.020,40795
833,0.654,41479
1504,0.370,42073
430,0.842,42351
1065,0.776,42921
395,0.010,42993
774,0.006,43187
1214,0.062,43573
643,0.006,43738
789,0.398,43823
623,0.525,44146
1647,0.098,44716
734,0.173,46593
328,0.027,46989
1832,0.827,47552
478,0.000,49588
1002,0.159,49806
701,0.001,50482
581,0.129,51027
451,0.475,52831
643,0.070,53026
2186,0.361,53149
454,0.009,53181
308,0.000,53244
1587,0.527,53466
341,0.003,53662
518,0.015,53753
508,0.230,53845
1968,0.738,54066
393,0.173,54144
3594,0.063,54707
377,0.775,55142
4022,0.312,55209
354,0.006,56139
1079,0.862,56437
1675,0.026,56799
514,0.603,57057
402,0.022,57059
27073,0.195,57772
848,0.291,57840
482,0.000,57961
454,0.573,60683
325,0.000,61359
861,0.706,61623
451,0.277,61714
1702,0.010,62010
423,0.061,67306
503,0.473,67653
3703,0.010,67738
471,0.189,68004
1074,0.027,70355
1235,0.400,70666
1621,0.877,71252
350,0.517,71398
345,0.090,71509
1048,0.020,71559
382,0.827,74087
705,0.116,75302
455,0.004,75607
736,0.008,76509
1243,0.076,76576
344,0.003,77213
2234,0.601,77409
1564,0.086,78412
476,0.945,78447
518,0.008,79303
2399,0.002,79853
870,0.333,81478
1518,0.451,81719
457,0.621,82101
333,0.952,83151
954,0.951,86203
1529,0.165,86274
318,0.478,86384
444,0.097,86643
2102,0.010,86662
727,0.076,86870
3193,0.800,87080
356,0.340,87537
1163,0.384,88802
1539,0.382,89932
493,0.097,89957
1524,0.382,91055
674,0.102,91606
490,0.918,91671
670,0.004,91956
343,0.064,91991
825,0.030,92103
305,0.121,92166
3843,0.911,92735
559,0.828,92854
374,0.005,92924
342,0.006,93275
448,0.761,93364
8156,0.913,93537
691,0.010,94195
429,0.000,94418
1870,0.197,94683
311,0.035,94943
369,0.003,95779
466,0.644,96004
14513,0.414,96425
475,0.097,97149
878,0.015,97262
1622,0.441,98055
1089,0.037,98805
332,0.009,99140
394,0.041,99918
13556,0.990,100074
811,0.810,100210
697,0.587,100308
455,0.108,100450
836,0.728,101135
851,0.217,101688
526,0.002,102152
428,0.016,102510
1832,0.800,103458
367,0.657,104227
1845,0.028,104329
515,0.087,104367
844,0.434,105550
1088,0.372,106158
708,0.007,106227
971,0.031,106921
14285,0.732,106980
330,0.006,107924
895,0.227,108613
2100,0.050,108941
328,0.293,111541
905,0.108,112014
2918,0.271,112708
652,0.891,112997
325,0.003,113564
356,0.098,113600
555,0.034,113891
382,0.000,115758
474,0.681,116355
826,0.567,117391
1099,0.488,119352
1820,0.898,119773
436,0.298,121188
458,0.303,122163
392,0.003,122429
677,0.059,122482
9718,0.921,122724
1261,0.163,124118
2312,0.010,124228
442,0.025,124234
767,0.795,124261
1145,0.661,124316
381,0.003,124585
1481,0.009,124939
756,0.192,125877
403,0.000,125935
1058,0.805,127984
520,0.013,129770
394,0.084,130230
881,0.317,131335
606,0.000,131373
492,0.480,131925
1887,0.546,133611
399,0.238,134525
515,0.742,134898
1722,0.265,135240
927,0.084,135696
342,0.000,135900
1007,0.750,135909
7677,0.639,136710
3113,0.676,137228
1492,0.935,137302
1134,0.056,137513
317,0.006,139080
1336,0.704,139150
2453,0.968,139153
1568,0.940,139154
2694,0.550,139156
1941,0.701,139158
2873,0.800,139159
12846,0.823,139162
326,0.135,139165
717,0.093,139178
481,0.360,139179
1012,0.037,139181
330,0.079,139838
2068,0.054,142145
589,0.000,142848
3340,0.758,143283
1561,0.924,143632
399,0.789,143654
652,0.029,143751
336,0.068,144620
2870,0.000,145017
517,0.010,146482
1032,0.016,147087
13127,0.948,147516
1044,0.073,148211
596,0.000,148535
1012,0.287,148708
1262,0.763,148805
645,0.062,148927
1046,0.351,149185
1086,0.494,149193
1199,0.322,149194
1142,0.520,149201
4690,0.933,151370
662,0.272,151395
1040,0.583,151946
619,0.937,152115
1380,0.224,152385
691,0.880,152455
642,0.067,152594
634,0.211,153364
359,0.014,153972
893,0.009,154675
762,0.877,154860
1525,0.416,154974
2799,0.335,155161
1216,0.196,155625
512,0.588,155885
1049,0.545,155896
2181,0.568,155960
358,0.011,155987
416,0.000,156216
733,0.072,156399
1339,0.830,157070
1680,0.833,161341
410,0.000,161364
1240,0.967,163436
2804,0.009,163880
535,0.850,165219
358,0.039,165221
514,0.012,166128
408,0.002,167470
2831,0.020,167693
514,0.004,168027
1925,0.299,171094
1151,0.352,172820
693,0.473,172884
571,0.322,173648
553,0.007,176111
384,0.417,176908
2585,0.162,179133
314,0.003,179817
333,0.012,181133
2700,0.578,182661
1908,0.888,183584
418,0.017,184606
686,0.300,185395
1937,0.953,186620
613,0.144,186628
486,0.226,186790
1316,0.169,187025
343,0.015,188523
432,0.377,189825
2367,0.058,190055
17338,0.935,191610
715,0.210,192223
2824,0.820,193942
963,0.517,196945
408,0.429,197196
2020,0.918,197211
342,0.006,198369
2798,0.011,198515
488,0.463,199000
1673,0.387,201361
790,0.003,203480
671,0.963,204061
376,0.191,205401
370,0.214,205402
3887,0.898,205525
405,0.143,205811
2302,0.010,207434
395,0.276,208073
2564,0.035,208373
305,0.446,208519
526,0.996,211298
5415,0.319,211505
4554,0.988,211887
2962,0.190,212233
2154,0.008,212788
670,0.981,213394
7721,0.900,213873
372,0.000,214267
671,0.015,214414
1183,0.427,214745
1084,0.002,217343
910,0.378,219290
329,0.052,219948
467,0.004,222063
826,0.535,223171
2291,0.052,223949
858,0.316,224165
356,0.003,226494
1807,0.221,227067
586,0.720,227189
571,0.760,227919
523,0.885,228233
610,0.948,228256
1947,0.331,228373
1200,0.323,228584
1092,0.424,228685
1999,0.622,228799
598,0.000,228937
950,0.016,229418
664,0.226,229606
1562,0.303,230215
438,0.571,231231
315,0.041,231416
1242,0.261,232746
471,0.011,234595
316,0.022,234597
370,0.038,234793
563,0.353,234833
735,0.495,235189
535,0.009,235510
676,0.109,235611
1040,0.001,236287
5077,0.151,236393
375,0.051,236434
853,0.038,236554
336,0.893,237379
6628,0.879,242214
2451,0.251,244165
2873,0.054,246137
399,0.008,246538
430,0.256,247013
345,0.000,247845
2751,0.031,248053
363,0.000,248827
1318,0.686,249522
508,0.000,250276
319,0.041,250334
8431,0.546,251830
32189,0.815,251909
1380,0.981,251935
488,0.770,252141
1816,0.905,252265
400,0.105,254213
334,0.018,254263
387,0.041,255238
774,0.499,255276
563,0.000,255771
491,0.002,256000
1745,0.710,257685
361,0.000,258219
492,0.030,258946
825,0.015,259815
417,0.640,261494
1087,0.427,261966
962,0.588,262635
5983,0.913,262818
1055,0.228,263039
476,0.553,265090
30152,0.832,265572
2236,0.002,266845
1640,0.078,267442
784,0.440,267773
483,0.000,268838
825,0.021,269504
2383,0.129,269858
1413,0.420,270400
3322,0.524,271970
5320,0.211,274234
2922,0.153,274975
3038,0.000,275116
1309,0.009,276940
1172,0.870,278208
458,0.028,278785
707,0.952,279307
392,0.005,280021
424,0.021,280895
10611,0.791,280906
1446,0.012,281030
1395,0.432,281104
2021,0.004,281144
383,0.021,281210
2317,0.227,281537
2059,0.724,281697
356,0.792,282013
514,0.000,282205
1373,0.037,282587
501,0.022,282685
336,0.994,283462
586,0.012,283833
573,0.070,284045
8776,0.015,284937
1173,0.023,286189
535,0.071,286329
1067,0.457,286698
5318,0.884,288182
1117,0.164,288294
3654,0.322,289477
4352,0.578,289498
523,0.008,289836
1727,0.936,290226
3523,0.110,290307
410,0.017,292679
368,0.046,293166
5637,0.256,293723
4611,0.458,294365
308,0.019,294521
5539,0.806,294758
424,0.012,295233
1896,0.148,295501
794,0.010,295559
1002,0.051,296210
1505,0.630,297034
569,0.019,297102
495,0.976,297727
607,0.545,298262
388,0.005,298992
5389,0.865,300862
334,0.000,300889
384,0.000,303555
2127,0.939,303881
437,0.053,303934
706,0.004,304081
550,0.015,306099
1871,0.446,307769
3128,0.920,307771
1085,0.915,308475
1338,0.371,308762
405,0.057,308830
1766,0.822,309008
492,0.000,309239
816,0.188,310217
748,0.825,310406
331,0.039,312705
311,0.016,313045
586,0.449,314374
414,0.000,315186
376,0.684,315582
640,0.013,317888
341,0.000,318519
477,0.008,319694
736,0.042,321906
703,0.851,322404
700,0.011,322649
335,0.000,322708
3434,0.340,322782
523,0.000,323412
751,0.393,323901
639,0.332,324235
545,0.000,325000
2301,0.833,325511
370,0.005,325802
2002,0.453,326367
472,0.555,326780
666,0.096,327001
385,0.008,327539
674,0.439,327555
473,0.002,327670
370,0.003,328655
317,0.006,329163
350,0.003,329735
808,0.432,330444
724,0.301,330639
421,0.979,332989
365,0.000,333445
2231,0.866,333568
843,0.021,333569
300,0.003,335148
479,0.150,335708
4057,0.392,335784
790,0.948,336207
326,0.003,336817
1457,0.426,339145
980,0.021,340260
807,0.748,341872
536,0.209,343805
1296,0.795,344580
561,0.000,346444
1995,0.825,346606
646,0.502,346741
2076,0.753,346865
738,0.877,347277
928,0.075,347438
760,0.420,347895
434,0.000,348236
1290,0.006,348266
1012,0.408,349065
694,0.617,350313
757,0.000,351279
514,0.533,353350
648,0.012,353665
2801,0.610,355274
1130,0.111,355353
724,0.040,355645
1228,0.038,355927
995,0.071,356065
561,0.629,356276
1277,0.001,356289
600,0.012,357262
715,0.003,357705
330,0.006,358449
1293,0.066,359441
428,0.000,360425
1086,0.901,360525
1569,0.013,360784
899,0.194,361124
5378,0.426,361324
787,0.015,361358
339,0.274,361640
473,0.061,361743
2541,0.466,362250
612,0.000,362927
1127,0.454,363581
923,0.001,364021
768,0.005,364023
1102,0.020,364113
1041,0.504,364194
777,0.005,365131
471,0.000,365510
318,0.003,365570
8532,0.938,366226
741,0.005,366574
352,0.006,366769
10448,0.118,367008
886,0.383,367083
821,0.001,367457
6036,0.649,367870
1558,0.958,368173
1181,0.003,368389
310,0.323,368790
582,0.009,369172
2159,0.059,370479
418,0.000,370488
328,0.015,370689
1518,0.400,370690
1011,0.657,371144
358,0.008,371276
312,0.000,371592
319,0.097,371637
15648,0.423,371889
2770,0.313,371915
1303,0.235,372030
305,0.003,372263
812,0.048,372695
3777,0.630,373064
484,0.025,373351
381,0.249,373898
861,0.022,374226
601,0.103,375315
570,0.321,376569
378,0.000,377906
1372,0.001,378106
747,0.193,378250
641,0.042,380019
702,0.909,383205
516,0.136,383532
360,0.000,383614
403,0.000,386328
428,0.114,387473
393,0.000,388795
1317,0.062,389700
1709,0.586,389707
605,0.038,390555
455,0.376,393037
403,0.186,394088
306,0.003,398879
562,0.011,400199
1448,0.003,400697
359,0.462,402748
1811,0.814,406145
312,0.221,406734
13504,0.641,408542
1841,0.043,408635
547,0.803,408974
3350,0.981,409282
1726,0.005,411426
1056,0.356,412048
1258,0.725,412580
1111,0.000,412740
900,0.442,413387
937,0.107,414075
2831,0.315,414284
1023,0.014,414530
3389,0.410,414804
514,0.008,416594
778,0.572,416683
630,0.276,417230
377,0.024,418296
1869,0.984,418320
392,0.393,419251
470,0.147,419693
876,0.127,421361
663,0.000,421482
4436,0.317,421711
2043,0.013,421721
322,0.006,422914
490,0.010,424096
1690,0.947,424400
381,0.024,427584
312,0.590,427655
918,0.146,428506
454,0.090,428595
2356,0.217,429763
512,0.000,429983
414,0.130,430231
306,0.889,430457
905,0.003,430556
376,0.013,431006
515,0.167,431079
5364,0.544,431351
1475,0.005,431607
894,0.331,431891
672,0.067,431925
618,0.006,432175
757,0.054,432240
372,0.003,432447
1694,0.007,432598
349,0.138,433031
330,0.058,433179
482,0.000,433706
1858,0.663,434032
354,0.099,434227
418,0.057,434713
8766,0.958,435285
704,0.000,435564
853,0.028,436125
402,0.052,437062
308,0.010,437573
450,0.009,438121
355,0.008,438705
1106,0.069,438805
417,0.017,438841
472,0.040,439686
2105,0.754,439705
693,0.038,439843
828,0.715,445493
2107,0.011,445723
792,0.013,448199
1133,0.001,448960
1454,0.336,451413
346,0.000,452780
390,0.000,459100
510,0.935,459555
1126,0.210,460674
318,0.006,461765
1612,0.846,464065
540,0.017,467570
15814,0.927,469143
825,0.348,472941
990,0.108,477570
14525,0.954,479682
345,0.032,480080
1789,0.835,480198
1424,0.109,480217
3903,0.657,481953
426,0.014,482440
3204,0.824,483766
1177,0.014,484712
825,0.233,484755
2836,0.317,486550
23377,0.979,487654
3422,0.387,488754
1382,0.106,489043
1866,0.098,489691
7026,0.517,490319
5427,0.578,490469
338,0.071,491325
1153,0.053,491664
2687,0.156,491687
6372,0.331,493744
5339,0.507,494817
415,0.024,495348
1619,0.437,507516
5296,0.562,507719
1375,0.693,507776
2302,0.457,507995
1909,0.001,512297
3184,0.530,515056
424,0.042,516528
331,0.112,517851
330,0.009,517882
599,0.037,518257
306,0.382,519487
301,0.013,519643
1474,0.960,520366
902,0.061,521884
554,0.005,522037
317,0.060,524716
4364,0.114,524835
425,0.033,526085
803,0.020,527147
355,0.842,527687
4628,0.373,530812
838,0.004,534588
2871,0.376,535188
376,0.141,537013
829,0.013,538335
851,0.036,539844
442,0.299,541205
6563,0.878,542019
480,0.558,543588
1089,0.030,544525
1061,0.120,545110
711,0.184,545220
359,0.003,545527
2339,0.020,547682
868,0.079,548277
952,0.404,549153
513,0.136,549484
596,0.646,549569
391,0.005,550676
438,0.763,550748
319,0.000,551379
354,0.006,554416
758,0.005,557075
1130,0.104,557818
1691,0.096,558389
1091,0.025,559024
10234,0.640,560138
1201,0.455,566509
2766,0.742,569377
348,0.388,569502
2528,0.925,571542
751,0.123,573565
1517,0.489,573685
1861,0.001,581543
1294,0.565,584716
652,0.000,584913
1529,0.344,585220
408,0.390,585918
410,0.024,586479
356,0.140,586532
463,0.052,587874
454,0.101,588124
429,0.219,589342
1184,0.126,589533
422,0.033,589915
1038,0.373,590152
391,0.113,592672
350,0.280,594827
2596,0.023,597083
4324,0.631,603759
832,0.024,604168
3244,0.008,604538
2644,0.136,604605
1042,0.811,605289
351,0.014,605448
1251,0.006,605579
476,0.000,606049
915,0.042,606694
1102,0.097,609090
333,0.372,609258
22440,0.957,610311
736,0.029,610670
1274,0.243,611813
1836,0.289,613223
445,0.173,613330
441,0.025,617535
2466,0.491,617765
1267,0.001,618013
2258,0.531,619328
2494,0.199,621626
641,0.000,621843
678,0.007,622482
883,0.322,623362
340,0.000,625995
3255,0.951,627352
1127,0.122,627831
309,0.010,629806
1392,0.086,631660
18896,0.918,634086
535,0.002,637690
1869,0.927,637907
11437,0.499,639383
663,0.722,639693
2184,0.869,640427
2340,0.306,642805
907,0.811,646829
4871,0.960,647597
655,0.922,648010
337,0.000,649541
2217,0.704,650275
712,0.764,650869
576,0.460,654179
684,0.009,654662
2255,0.337,659159
1899,0.965,660906
329,0.015,661515
5809,0.947,661804
1819,0.310,664184
906,0.076,668440
401,0.342,669780
908,0.802,671967
2979,0.367,673011
599,0.409,673100
1319,0.004,674528
1555,0.185,677246
573,0.002,677259
352,0.000,678781
887,0.651,680171
493,0.249,683112
306,0.458,683133
2163,0.020,683196
3262,0.771,683861
5248,0.277,686917
814,0.167,687331
508,0.004,688879
584,0.038,690445
823,0.001,690452
2163,0.454,693171
427,0.016,694069
2461,0.941,695337
519,0.000,696076
2638,0.474,698486
539,0.506,698908
404,0.965,699612
811,0.729,701053
459,0.007,703475
1352,0.026,706196
523,0.866,706471
529,0.002,706546
348,0.011,713439
3751,0.956,714788
469,0.036,714931
5686,0.354,718443
387,0.000,722936
424,0.434,723932
4447,0.015,725413
513,0.004,725416
1462,0.016,725417
2244,0.007,727983
901,0.114,730625
4693,0.011,731985
1612,0.421,733562
1621,0.304,733619
433,0.046,734176
587,0.741,741291
8449,0.823,743397
1543,0.682,747336
1290,0.326,750520
735,0.118,752078
413,0.179,752261
3176,0.185,752490
2974,0.118,756941
971,0.164,761914
410,0.002,762332
679,0.012,766418
1000,0.956,766485
637,0.057,773696
389,0.527,773931
385,0.034,775052
1005,0.551,777386
7119,0.959,777657
316,0.000,777961
2433,0.470,778090
792,0.001,778616
343,0.373,778788
10331,0.191,778807
7422,0.934,778919
2133,0.248,779005
416,0.856,779807
6982,0.120,780849
1392,0.000,780867
465,0.013,780875
317,0.003,781425
765,0.056,782090
460,0.354,783881
568,0.037,785166
2807,0.317,785385
421,0.017,786222
527,0.017,793311
1470,0.248,798838
493,0.067,798866
928,0.210,801362
373,0.024,808652
333,0.877,813499
695,0.017,814402
346,0.000,815132
1438,0.002,815299
949,0.000,816956
476,0.025,817618
951,0.084,821005
1253,0.016,827051
2374,0.010,832053
674,0.001,832552
458,0.790,833360
9311,0.284,835194
905,0.030,836692
1219,0.330,837137
527,0.021,838171
938,0.168,838233
1105,0.001,846262
2644,0.293,850402
721,0.001,850537
459,0.002,854020
418,0.017,854599
3186,0.624,854727
519,0.012,856259
319,0.721,859879
857,0.804,860240
972,0.584,862231
1416,0.004,869443
689,0.237,872038
712,0.508,880547
444,0.000,882223
325,0.295,882247
898,0.069,882731
956,0.006,884560
723,0.054,885865
12502,0.793,885890
324,0.052,891771
395,0.871,891993
441,0.551,892142
424,0.009,893432
1895,0.010,894507
1849,0.417,897767
584,0.012,901316
4443,0.854,901908
750,0.112,902621
503,0.736,903468
371,0.038,915265
5088,0.766,915694
2242,0.044,916594
384,0.018,917033
315,0.044,920507
355,0.000,922822
2587,0.300,926470
479,0.641,928278
327,0.021,930209
523,0.033,933034
379,0.884,939423
2215,0.121,940223
554,0.105,943686
3109,0.255,945110
5245,0.526,945754
1463,0.006,953254
374,0.770,957636
457,0.053,959393
418,0.029,962709
663,0.009,964588
2011,0.482,971309
616,0.310,971428
2113,0.222,975272
316,0.196,979931
1124,0.489,980068
454,0.139,982260
485,0.276,987174
343,0.044,990401
1243,0.204,993610
675,0.001,994029
988,0.808,994400
3533,0.320,995583
595,0.084,1001162
481,0.195,1003771
737,0.902,1003993
627,0.989,1008187
4701,0.575,1008536
1181,0.369,1010613
443,0.165,1010897
827,0.336,1013269
358,0.131,1016986
306,0.029,1022349
1565,0.985,1022766
653,0.772,1023503
789,0.393,1029486
518,0.000,1032594
549,0.160,1038690
501,0.000,1047092
465,0.454,1048045
4771,0.000,1051898
679,0.124,1051994
343,0.096,1054830
523,0.000,1056625
458,0.007,1057621
958,0.000,1058622
685,0.010,1058756
564,0.702,1059095
9367,0.992,1059387
442,0.131,1065151
2597,0.018,1071876
1057,0.317,1073144
517,0.004,1074724
539,0.330,1077865
635,0.244,1078773
454,0.123,1081722
917,0.122,1082957
621,0.021,1083712
991,0.296,1086357
1183,0.022,1088880
496,0.000,1090362
301,0.113,1098167
605,0.764,1117271
940,0.017,1118486
546,0.240,1120713
352,0.878,1121388
569,0.228,1123317
3349,0.955,1123945
870,0.000,1124195
4260,0.836,1127046
342,0.000,1130279
2937,0.057,1132294
623,0.003,1133462
1913,0.180,1134542
316,0.006,1136276
844,0.062,1139495
1036,0.014,1146620
368,0.005,1148532
615,0.002,1151906
413,0.099,1156695
467,0.985,1158148
1167,0.139,1161253
760,0.070,1161354
1292,0.001,1163114
1038,0.005,1163153
2727,0.526,1168363
1248,0.768,1169391
985,0.423,1171821
437,0.002,1175166
2066,0.159,1177736
2595,0.424,1177974
4327,0.002,1178490
1072,0.001,1178504
647,0.002,1178705
443,0.070,1179485
493,0.022,1179582
323,0.641,1180514
1827,0.516,1180605
2373,0.531,1182244
31581,0.900,1184141
2117,0.068,1184629
1223,0.022,1185221
1561,0.047,1185806
961,0.858,1186046
2172,0.946,1186518
641,0.538,1189148
1447,0.030,1189512
940,0.055,1189635
1415,0.273,1189816
581,0.003,1190015
462,0.535,1190614
777,0.000,1194288
559,0.472,1195756
710,0.015,1196518
755,0.036,1200226
373,0.019,1206059
480,0.000,1206868
1293,0.026,1212843
383,0.003,1213154
779,0.822,1225172
2169,0.513,1225798
540,0.026,1226406
337,0.519,1228648
376,0.106,1229073
438,0.039,1230925
1572,0.116,1231111
425,0.000,1233052
2270,0.011,1234394
452,0.000,1234910
688,0.102,1235317
1377,0.281,1243720
315,0.889,1248069
621,0.665,1248482
5259,0.531,1248680
3215,0.059,1248690
335,0.018,1248808
1240,0.003,1254722
1508,0.044,1255697
329,0.000,1255787
365,0.003,1258916
486,0.000,1259333
449,0.276,1260239
2284,0.558,1263251
2508,0.508,1264373
3841,0.687,1264503
488,0.105,1270334
338,0.003,1270455
1416,0.925,1271641
995,0.011,1278185
876,0.437,1278509
697,0.019,1278856
11771,0.969,1278894
7543,0.857,1279010
475,0.006,1279351
3166,0.936,1279961
300,0.023,1280752
4587,0.127,1281411
344,0.099,1281494
1372,0.628,1282109
1142,0.316,1284417
957,0.209,1284675
332,0.000,1286105
378,0.275,1287389
2854,0.002,1287412
528,0.000,1291539
1138,0.116,1292048
586,0.000,1292252
1241,0.963,1292633
312,0.003,1292843
496,0.000,1299341
524,0.368,1299781
1502,0.000,1300794
451,0.572,1305275
376,0.008,1307029
577,0.471,1307791
1268,0.351,1311260
407,0.641,1312219
1318,0.280,1314382
385,0.956,1317887
315,0.241,1320945
1709,0.007,1321163
672,0.003,1321335
789,0.000,1321796
538,0.203,1324705
607,0.109,1339029
2423,0.763,1339526
1333,0.726,1340351
3463,0.185,1341533
706,0.011,1342424
1079,0.551,1345141
1104,0.011,1345837
1378,0.181,1346234
818,0.037,1346451
1209,0.192,1346554
826,0.063,1346756
595,0.077,1347199
5374,0.830,1347735
7029,0.786,1347749
1023,0.909,1353673
490,0.014,1354247
3840,0.283,1354351
456,0.002,1354398
664,0.026,1355292
347,0.075,1356622
3723,0.167,1356681
1070,0.121,1356683
331,0.000,1356872
918,0.009,1357231
414,0.802,1357642
567,0.009,1357814
378,0.474,1357875
729,0.995,1358099
422,0.403,1358472
771,0.927,1359097
446,0.998,1359485
2715,0.178,1359844
12845,0.886,1360012
643,0.829,1360013
7293,0.691,1360435
900,0.663,1369981
329,0.359,1384765
306,0.013,1384845
1048,0.091,1397207
914,0.051,1398766
348,0.057,1404142
485,0.202,1404862
359,0.852,1405889
714,0.202,1405929
10177,0.911,1406714
309,0.003,1406984
2132,0.685,1408776
1678,0.309,1409597
1551,0.648,1412176
619,0.024,1412312
341,0.065,1412877
943,0.216,1412935
532,0.036,1413831
741,0.356,1420944
1109,0.005,1423228
8121,0.811,1427453
1493,0.833,1427542
1439,0.001,1427838
1518,0.099,1430563
626,0.022,1431825
1268,0.692,1436984
337,0.347,1437140
378,0.950,1437459
454,0.824,1438820
385,0.275,1454055
492,0.014,1456441
1221,0.062,1457907
583,0.105,1469480
635,0.011,1473446
11882,0.925,1476304
838,0.079,1486548
9755,0.541,1487695
1477,0.992,1488254
575,0.003,1488504
1530,0.911,1488801
490,0.004,1489067
481,0.000,1489081
1230,0.493,1489414
593,0.516,1491680
831,0.728,1498108
495,0.149,1501480
2782,0.707,1514306
1382,0.026,1516926
1383,0.380,1517564
1182,0.252,1520660
380,0.029,1521577
672,0.003,1532064
846,0.006,1532703
2229,0.894,1535708
1843,0.175,1572400
601,0.025,1574954
499,0.056,1578325
828,0.496,1579836
713,0.893,1586144
889,0.933,1588273
530,0.002,1589537
2739,0.123,1589721
2701,0.778,1591259
572,0.741,1592092
696,0.011,1593604
334,0.081,1595381
502,0.799,1596291
482,0.133,1598316
364,0.022,1599452
2026,0.389,1599698
2269,0.249,1602446
414,0.007,1603098
1129,0.151,1603445
631,0.000,1605289
405,0.057,1622775
305,0.816,1623208
529,0.000,1623409
1757,0.014,1623727
486,0.099,1623832
927,0.028,1625092
1323,0.095,1626692
3523,0.891,1628469
707,0.001,1628763
4462,0.207,1628797
395,0.030,1629220
386,0.008,1629449
547,0.004,1630692
362,0.000,1631909
1726,0.006,1633448
1009,0.005,1633667
1166,0.011,1633992
712,0.528,1634047
5826,0.060,1634104
916,0.001,1635109
2550,0.613,1635687
4544,0.873,1636375
1634,0.040,1636774
490,0.796,1636999
4831,0.943,1637091
1236,0.132,1637223
463,0.108,1637370
932,0.006,1638325
938,0.106,1638327
1055,0.014,1638409
949,0.345,1638415
1841,0.020,1639991
378,0.042,1640440
358,0.064,1641836
403,0.020,1644632
2268,0.016,1645740
2445,0.029,1645863
5805,0.917,1646851
383,0.329,1647158
1267,0.006,1647680
730,0.941,1648523
2464,0.664,1649252
1960,0.877,1650152
3855,0.799,1650224
1637,0.788,1651775
985,0.057,1656224
395,0.068,1656254
406,0.771,1658859
426,0.657,1659218
1170,0.112,1659918
1625,0.636,1661891
525,0.903,1662734
697,0.000,1663190
6703,0.937,1663254
863,0.009,1665656
578,0.005,1665738
1102,0.649,1665794
880,0.017,1666569
816,0.254,1667147
545,0.004,1667298
330,0.003,1669293
6155,0.015,1669459
588,0.000,1670612
506,0.733,1671477
519,0.006,1671824
918,0.741,1672914
1300,0.008,1675739
473,0.078,1676189
2581,0.701,1676412
342,0.003,1676905
324,0.003,1678546
885,0.369,1692080
571,0.459,1696152
1230,0.014,1696401
780,0.000,1696433
6167,0.274,1696759
1223,0.855,1697254
1150,0.628,1697305
1650,0.190,1698264
581,0.007,1700044
711,0.014,1701660
573,0.010,1701828
540,0.011,1712487
882,0.002,1712707
453,0.004,1713216
311,0.768,1721201
314,0.146,1723046
1029,0.616,1728004
974,0.093,1728104
1116,0.603,1729498
